username,data_hora,cpu,inte_cpu,ram_disponivel,ram_total,ram,disco,disco_disponivel,disco_total
Servidor-B21X7M,2026-10-01 15:39:37,36.9,1618976085,1.2729988098144531,7.6920928955078125,83.4,37.7,281.17981719970703,451.61718368530273
Servidor-B21X7M,2026-10-01 15:39:38,22.2,1618985363,1.3094558715820312,7.6920928955078125,83.0,37.7,281.17981719970703,451.61718368530273
Servidor-B21X7M,2026-10-01 15:39:39,9.9,1618988184,1.0586929321289062,7.6920928955078125,86.2,37.7,281.17981719970703,451.61718368530273
Servidor-B21X7M,2026-10-01 15:39:40,9.2,1618995564,1.3027458190917969,7.6920928955078125,83.1,37.7,281.17981719970703,451.61718368530273
Servidor-B21X7M,2026-10-01 15:39:41,9.9,1619001603,1.0556869506835938,7.6920928955078125,86.3,37.7,281.17981719970703,451.61718368530273
Servidor-B21X7M,2026-10-01 15:39:42,7.6,1619004832,1.311981201171875,7.6920928955078125,82.9,37.7,281.17981719970703,451.61718368530273
Servidor-B21X7M,2026-10-01 15:39:43,7.2,1619010888,1.3119316101074219,7.6920928955078125,82.9,37.7,281.17981338500977,451.61718368530273
Servidor-B21X7M,2026-10-01 15:39:44,13.7,1619018041,1.3119049072265625,7.6920928955078125,82.9,37.7,281.17981338500977,451.61718368530273
Servidor-B21X7M,2026-10-01 15:39:45,17.5,1619026215,1.3051567077636719,7.6920928955078125,83.0,37.7,281.17981338500977,451.61718368530273
Servidor-B21X7M,2026-10-01 15:39:46,19.2,1619039628,1.2078285217285156,7.6920928955078125,84.3,37.7,281.17981338500977,451.61718368530273
